{"A":{"0":16.875568616,"1":69.8993934352,"2":25.0054229227,"3":23.0208786265,"4":89.3892320609,"5":52.2003938253,"6":78.3193913544,"7":64.1769812107,"8":71.4204962319,"9":31.0441214903,"10":79.654659149,"11":70.5007740495,"12":68.1772894055,"13":86.324385056,"14":12.7214780675,"15":37.0754356339,"16":6.0915195224,"17":83.6897686927,"18":37.7787270222,"19":93.9084793747,"20":54.3974129269,"21":4.433499146,"22":23.6776992474,"23":65.5428540801,"24":59.2898639194,"25":44.5612623602,"26":58.2459366048,"27":58.8045709513,"28":19.4919320561,"29":29.9514730981,"30":9.1644480732,"31":53.4508202118,"32":59.0088181438,"33":78.0010015685,"34":56.0761130796,"35":42.0509512182,"36":21.6374858326,"37":18.1580230969,"38":34.6592714594,"39":31.12067121,"40":55.0175531055,"41":76.3109626376,"42":70.9503336974,"43":70.0452171872,"44":48.579611166,"45":45.9542208972,"46":15.2059925058,"47":0.4559051243,"48":5.1053936919,"49":73.9909263997,"50":54.3453880593,"51":85.2838840794,"52":91.1487390577,"53":39.2677629349,"54":45.6618423352,"55":36.3168697061,"56":84.7270501237,"57":74.3768717635,"58":69.3576620266,"59":52.8230945186,"60":87.5277785003,"61":46.9231477059,"62":93.3520860383,"63":10.8937164732,"64":36.6540724706,"65":19.26945737,"66":76.5961222391,"67":80.9078762199,"68":65.9928643349,"69":99.0555846712,"70":18.4262082165,"71":1.2134025955,"72":97.3046317271,"73":34.3455787662,"74":16.6585049871,"75":84.376985377,"76":35.3391763037,"77":94.5917956927,"78":10.4661309269,"79":4.2625391981,"80":61.5163070961,"81":18.5812722123,"82":13.5067734258,"83":46.9417273946,"84":57.5051178652,"85":96.5852131855,"86":11.6565652131,"87":95.4837841523,"88":4.1367427328,"89":8.6907942304,"90":13.3556379299,"91":6.701015748,"92":15.0919487475,"93":80.0320307456,"94":51.8356355922,"95":36.3185508789,"96":11.4275433495,"97":54.2406954713,"98":6.0833021713,"99":0.0373681456},"B":{"0":71.0347586312,"1":3.8493150069,"2":94.0068363854,"3":33.3828565222,"4":80.9049057502,"5":19.2956696299,"6":18.7072453753,"7":93.7558604559,"8":43.5589786235,"9":36.7929974355,"10":48.2673309278,"11":6.9650625296,"12":29.3281269245,"13":44.5954184985,"14":64.7910298172,"15":7.5946778495,"16":35.7143736159,"17":13.8505582635,"18":17.7304297981,"19":71.3218258097,"20":62.7709409786,"21":42.2851229739,"22":82.658957906,"23":94.4011272613,"24":24.8034310737,"25":30.4931334057,"26":52.9955242613,"27":8.6950974991,"28":44.1488894664,"29":19.9269470713,"30":16.6823789206,"31":32.1699794663,"32":26.9661851946,"33":97.7437961322,"34":21.5677749815,"35":76.79780002,"36":85.3753166375,"37":55.689482062,"38":70.9078900138,"39":19.0112381164,"40":65.6770413786,"41":91.2317083446,"42":40.7046455602,"43":24.5153445399,"44":6.52893213,"45":21.4017524354,"46":82.6708162338,"47":5.1279351484,"48":81.1165809147,"49":88.2089806985,"50":94.4063502757,"51":59.0336256244,"52":60.1038368292,"53":67.9206312011,"54":85.7334979921,"55":66.0564513311,"56":20.3940969382,"57":24.1943830542,"58":54.0992635449,"59":34.4051474839,"60":27.0398800944,"61":88.5566091692,"62":64.629403143,"63":17.8814624138,"64":86.4776704502,"65":3.5843896001,"66":13.5541968265,"67":92.2235476193,"68":79.1287076127,"69":37.7772959622,"70":20.5579669435,"71":41.81868998,"72":63.3189968687,"73":51.5919557494,"74":43.0178007766,"75":28.5892364599,"76":69.2436205619,"77":78.471824749,"78":42.6356447175,"79":61.7758351995,"80":73.4359231917,"81":15.8146597283,"82":49.8755689216,"83":73.625004752,"84":66.9388294506,"85":71.1639980886,"86":66.789827788,"87":78.8865928815,"88":99.5255733134,"89":71.4595217066,"90":2.1100133394,"91":22.1648864959,"92":71.0212275166,"93":78.8827302873,"94":47.9654423976,"95":87.9731999058,"96":94.6829978296,"97":15.837913742,"98":90.8991953001,"99":6.343011161},"C":{"0":75.7294475499,"1":48.9813038175,"2":82.7212763576,"3":75.9198235833,"4":42.7132475245,"5":16.6159357967,"6":59.8639314156,"7":35.4104249803,"8":77.0012540661,"9":69.4329488964,"10":41.9756250711,"11":8.5373342853,"12":23.3665920087,"13":34.3450027952,"14":10.6848566802,"15":39.2050535363,"16":67.090626455,"17":40.8273947024,"18":67.2511126645,"19":32.8528377023,"20":90.7594186725,"21":17.5998892931,"22":61.2653910421,"23":25.8230091496,"24":59.6618389159,"25":94.16592711,"26":68.6781234393,"27":16.7523121637,"28":15.1984266561,"29":5.7321520029,"30":44.9514109148,"31":72.717358953,"32":34.9868500676,"33":32.9803966337,"34":3.0625437201,"35":21.3396441615,"36":0.7966159566,"37":75.3742758175,"38":96.2152753302,"39":41.9892025686,"40":45.8625666985,"41":49.4021525239,"42":57.6701887847,"43":91.1115858342,"44":44.8003295278,"45":7.4263956663,"46":25.3834639369,"47":53.9755734093,"48":10.7691086605,"49":74.9148855414,"50":19.3924193735,"51":42.9430812781,"52":65.6391623273,"53":13.1531127232,"54":19.0782682614,"55":94.93599787,"56":53.4382213967,"57":52.3450206455,"58":94.6911133153,"59":40.6901660735,"60":37.5692460464,"61":41.3285198126,"62":54.2395261936,"63":35.9592252889,"64":12.0708196102,"65":98.1935603645,"66":68.8523804671,"67":96.5917905335,"68":2.4081098431,"69":65.4669278135,"70":75.9998069537,"71":33.9190906435,"72":13.2998555237,"73":3.1971085362,"74":5.5689927935,"75":96.3884192255,"76":73.2260708715,"77":64.6768516792,"78":37.4764330662,"79":12.5841940338,"80":31.6082129935,"81":57.8140754654,"82":11.5760118489,"83":9.1279979351,"84":91.2914770869,"85":87.0423021578,"86":22.5959639415,"87":2.6532429014,"88":57.4577447356,"89":82.2785711678,"90":57.7426392653,"91":38.2071445381,"92":83.7742742994,"93":21.3664746925,"94":65.0895717205,"95":58.604172347,"96":51.8939779853,"97":17.4866978163,"98":56.7380451065,"99":64.8066502814},"D":{"0":6.7390789526,"1":49.0495362725,"2":27.3567236803,"3":36.5319436077,"4":53.8704285837,"5":84.4055073231,"6":0.4618338025,"7":27.8091584534,"8":55.2086599916,"9":71.3474360354,"10":23.0736860148,"11":73.0318705589,"12":52.7153570669,"13":35.1726805665,"14":64.4829443899,"15":27.3686300213,"16":34.5437763275,"17":27.8059322397,"18":42.1065378017,"19":51.7973665016,"20":23.4904935167,"21":55.621993013,"22":24.9087952426,"23":65.0344245899,"24":86.9149860185,"25":83.2298303584,"26":15.427677836,"27":24.6678170697,"28":44.9077631336,"29":45.0923675284,"30":21.9943580636,"31":48.0969452293,"32":56.6525275186,"33":56.0182727824,"34":13.8562491229,"35":53.9031845699,"36":21.8521308223,"37":39.7774338276,"38":19.8534725439,"39":95.9582206959,"40":92.1250575619,"41":39.0219262216,"42":0.2916042763,"43":10.2361855763,"44":34.1137034905,"45":42.5919979901,"46":74.0336407745,"47":61.1440133705,"48":26.3253803672,"49":76.5966660506,"50":36.2635445505,"51":37.5315957283,"52":35.5116166322,"53":15.5520552858,"54":22.1132834121,"55":56.7012028217,"56":86.7527531939,"57":90.1105615669,"58":66.6010347769,"59":84.765048675,"60":32.6632385995,"61":25.6838031707,"62":36.8321436892,"63":32.0975983477,"64":59.2789208262,"65":91.1730778661,"66":85.7193035963,"67":88.5457463931,"68":62.8748486067,"69":7.5122317401,"70":60.437898815,"71":82.3929499669,"72":4.2403071535,"73":89.1745645487,"74":97.437472811,"75":0.6228626537,"76":4.4587922953,"77":95.4281496177,"78":4.8958449567,"79":29.1941893472,"80":22.4130831217,"81":25.402416496,"82":15.0500564184,"83":36.2540896517,"84":58.1455981028,"85":63.2247450661,"86":12.1089399259,"87":97.514915707,"88":56.1945296997,"89":87.0008014813,"90":11.1601055251,"91":78.5231051807,"92":45.356216918,"93":5.938283899,"94":43.9567859514,"95":81.1919965622,"96":9.4838082404,"97":0.4651904493,"98":1.6603938447,"99":12.2373811569},"E":{"0":49.666320255,"1":50.3659252415,"2":12.4658765804,"3":41.7939165629,"4":53.3905683125,"5":39.1120276246,"6":26.0419613991,"7":34.3481780792,"8":71.2837437875,"9":5.4917746788,"10":73.4588024809,"11":35.1577888218,"12":7.6186780179,"13":79.8549176301,"14":91.6273616494,"15":93.3522880228,"16":86.3039606057,"17":94.2356316048,"18":85.8754576278,"19":77.7351865061,"20":43.3077165328,"21":79.9011080041,"22":96.9978028773,"23":64.580186346,"24":70.6279505207,"25":69.330897233,